CACCGGAAATGG	1	40
CACCGGAAGTTA	0.989328416263334	36
GACCGGAAGTGG	0.9892689992268	34
CACCGGAAGTTG	0.981972617779153	30
CACCGGAAGTGC	0.981181503904023	39
CACCGGAAGTCA	0.95488491441828	35
CACCGGAAGTGG	0.939688518288806	23
AACCGGAAGTGG	0.938773503693499	24
AACCGGAAGTGC	0.936663405833279	36
CACCGGAAGTGT	0.917697996100986	24
AACCGGAAGTAA	0.916118403185811	34
CACCGGAAGTGA	0.915873204892732	27
AACCGGAAGTAC	0.908015146512955	39
CACCGGAAGTCT	0.907700815947409	27
CACCGGATGTGG	0.90653630815038	21
GACCGGAAGTGT	0.906314258202047	29
AACCGGAAGTAG	0.905354323206038	24
CACCGGAAATGT	0.904458039676673	33
CACCGGAAATAG	0.897758260870167	33
AACCGGAAGTGT	0.890305558574848	23
CACCGGAAATGA	0.885713491479451	36
AACCGGATGTTG	0.876756004550469	23
GACCGGAAATGG	0.876749871785289	33
AACCGGAAGTCG	0.868649965726369	21
GACCGGAAATGC	0.86267629792053	46
AACCGGAAATGC	0.860959431902179	42
CACCGGAAATGC	0.859333894367872	39
AACCGGAAGTCA	0.858613873847854	27
GACCGGATGTTG	0.858510044186907	26
AACCGGATGTGT	0.854714625448984	19
CACCGGAAGTAT	0.854321946415862	23
CCCCGGAAGTGA	0.851987868083862	19
CACCGGATGTTG	0.849977423232412	20
GCCAGCATTTTT	0.848862122207496	41
TACCGGAAGTGG	0.846522956813491	21
CACCGGAAGTCC	0.845590935545835	29
AACCGGAAGTGA	0.840370216159489	22
AACCGGAAATGG	0.839380954791835	25
CACCGGAAGTTC	0.837172285044227	22
GACCGGAAATAG	0.836027825283932	32
CACCGGAAGTAC	0.830135293147334	28
CACCGGAAACGT	0.821768744328516	30
TACCGGAAGTGT	0.818093559859571	21
GACCGGAAGTTT	0.81724390219027	23
AACCGGAAATGA	0.806501059149937	29
GACCGGAAGTGC	0.80513836927804	26
CTCCGGAAATGG	0.804094166573967	24
CACCGGAAGTAG	0.803882518055806	16
CACCGGAAGGGG	0.803621559616784	15
CACCGGATGTGT	0.801512867593556	15
AACCGGATGTAA	0.801092344449074	23
AACCGGATGTAT	0.800674252320884	20
CACCGGATGTGA	0.799678156408371	17
CACCGGATGTAA	0.79261466390945	21
AACCGGAAATAG	0.791206753185522	24
CACCGGAAGGAC	0.789572911338366	21
CACCGGAAACGG	0.788700924304374	22
GACCGGAAATGA	0.788342349212637	30
AACCGGAAGTCC	0.787599091567934	25
TACCGGAAGTTG	0.786448875013179	19
CACCGGAAATAC	0.782623485651451	35
GACCGGAAGTCG	0.779083831210908	18
CACCGGAAACTG	0.778796187728274	27
GACCGGAAATTG	0.778748946696634	27
AACCGGATGTGC	0.775495471743659	20
AACCGGAAGTAT	0.773546636603104	18
CACCGGATGTAT	0.771903733975337	17
CACCGGAAGTAA	0.769525956785755	19
GACCGGAAATGT	0.76404146185877	24
TACCGGAAGTAA	0.763737677361971	22
CACCGGAAATCG	0.763438173340052	22
AACCGGATGTGG	0.761955914399157	13
AACCGGATGCTG	0.75927354243688	18
CACCGGAAACGC	0.757448748615316	34
GACCGGATGTGT	0.755200175937817	16
TACCGGAAGTGC	0.754917916646221	21
AACCGGATGTGA	0.754212962019909	15
GACCGGAAGTTG	0.753859609351537	17
AACCGGATGTAG	0.751976851146168	14
TACCGGAAGTGA	0.750600892869718	18
AACCGGAAATGT	0.750433648295981	20
AACCGGAAGGAC	0.749578294513604	19
AACCGGAAGTTT	0.749135728425097	15
CACCGGATGTTC	0.748446193464359	16
AACCGGAAGGGC	0.747991409997193	17
CCCCGGAAATGC	0.74711426997683	23
TACCGGAAATGG	0.746561837312647	20
GACCGGAAGTGA	0.746190660538971	18
GACCGGATGTGG	0.745648076991113	15
CACCGGAAATAA	0.74517942691464	26
CACCGGAAATTA	0.745099801313852	24
CACCGGAAACAA	0.743999670617428	36
CTCCGGAAATGT	0.743879408412771	21
CCCCGGAAGTAA	0.741456628376974	15
AACCGGAAATTA	0.739404374564454	25
AACCGGAAGTTC	0.739346808516022	16
AACCGGATGCGG	0.739202310643921	14
CACCGGAAATTG	0.739109219365063	19
CACCGGAAGCGC	0.738626576788834	24
GACCGGAAGTAT	0.73384973635142	18
CACCGGATGTGC	0.733731096140785	16
GACAGGAAGTGG	0.73282351084835	16
CACCGGAAGCAA	0.732186099819771	26
GACCGGAAATAC	0.732112507467833	33
GGCCGGAAGTGG	0.732074502460863	25
CGCCGGAAGTGG	0.729329021838055	15
AACCGGATGTAC	0.728663274221843	19
CACCGGAAGCTG	0.72821655467221	17
CACCGGAAGTTT	0.726487615618481	13
TACCGGAAGTCA	0.723566695398055	18
GACCGGAAGTAA	0.722443622665132	19
AACCGGAAACTG	0.722092105988526	23
CACCGGATGTTT	0.721646466412058	13
GACCGGAAGTTA	0.720456697970753	17
CACCGGAAACAG	0.719983912947695	23
CCCCGGAAGTGT	0.718927994837578	10
AACCGGAAATAC	0.717738741374794	29
TACCGGAAATGA	0.716383907727505	22
TACCGGAAGTAC	0.716344446108709	21
CCCCGGATGTAC	0.715327637574862	15
AACCGGAAGGGG	0.715077695432544	11
CACCGGAAATAT	0.714772561372141	20
AACCGGAAACAG	0.713765420121961	24
AACAGGAAGTGC	0.711334863283843	18
CACCGGAAGCAG	0.711233780925129	18
CACCGGAAACCG	0.709776026441372	25
AACCGGAAGTTA	0.70887558312833	14
CACCGGAAGCTA	0.705753741412886	19
GACCGGATGTTA	0.704984054360412	16
TACCGGAAACGT	0.704566216026683	22
CACCGGAAACGA	0.704541844693643	22
CACCGGAAACTC	0.703888532326189	26
CTCCGGAAATGC	0.703770800366605	24
AACCGGATGTTC	0.703131009832576	14
GACCGGAAATCA	0.702775337734209	25
CACCGGAAACCC	0.7007231661652	40
CACCGGATGTCG	0.70026838183886	11
AACCGGATATGG	0.700219663016372	12
GACCGGAAATAA	0.699866564197889	25
GACCGGAAACTG	0.699686786135696	23
CACAGGATGTAC	0.699098355633849	17
AACCGGAAATAA	0.698935086262508	23
GACCGGATGTTC	0.698462447695921	16
AACCGGAAGTCT	0.698345483805254	13
AACCGGAAGCGG	0.698126894856715	13
AACAGGAAGTGT	0.696850823724436	13
CCCCGGAAGTAG	0.695821131765534	9
AACCGGATATCA	0.695420893813462	18
CACCGGAAGCCA	0.694306837284384	25
TACCGGATGTAT	0.69403564223254	15
CACCGGATGCTG	0.693898439929752	13
CCCCGGATGTAG	0.69176515808203	9
AACCGGATGCGA	0.69076338189248	15
AACCGGAAACAA	0.690408819048805	31
GCCAGCATTTTC	0.690138046913827	26
CACCGGAAGCTT	0.689457650828429	15
CACCGGAAATCA	0.689360442437681	20
TACCGGATGTGT	0.689257579584373	12
AACCGGAAGCGT	0.689217748389258	14
GACCGGATGTAC	0.689177397491523	18
GCCCGGAAGTGT	0.687371024364464	13
GACCGGATGCGT	0.687269966801021	14
CACCGGATGTCC	0.686264818169424	15
CTCCGGAAATTT	0.685788983865888	19
AACCGGAAATCA	0.685576265696575	21
CCCCGGAAGTAC	0.685491576427176	14
GACCGGAAGCGA	0.685368427398835	18
AACCGGAAATTG	0.684741517281252	16
ACCCGGAAGTAC	0.684734009265038	15
GACCGGAAGCTG	0.684070623752467	17
ACCCGGAAGTAT	0.684068854058931	11
ACCCGGAAATGG	0.684003070996337	12
GGCCGGAAATGG	0.683923890326303	26
ACCCGGAAGTCG	0.683626492373318	9
TACCGGATGTGA	0.683439836964489	13
GGCCGGAAGTGT	0.683283408388066	22
CACCGGATGTAG	0.683129365093126	10
CCCCGGAAATAA	0.682980441707115	18
ACCCGGAAGTTT	0.682642358641519	10
GACCGGAAGTCT	0.682057823630601	14
ACCCGGAAGTAG	0.681801912597297	9
ACCCGGAAGTGT	0.68022803559276	9
CTCCGGAAATTG	0.680040385937948	17
AACCGGATGCCG	0.67968430752156	16
GAACGGATGCGT	0.679653214655175	15
AGCCGGAAGTAG	0.679563335379658	14
TACCGGAAGCGT	0.678205581639749	15
CACCGGATATGT	0.678115932668567	12
GACCGGATGCAC	0.677037475985108	24
TACCGGATGTAG	0.676647996554686	12
GACCGGAAGTCA	0.676292447293354	15
GACCGGAAATAT	0.676252228233603	20
GGCCGGAAGTAG	0.675983314631052	21
CACTGGCTGACC	0.675551895794642	25
GACCGGAAGTAC	0.675538144908848	18
CACCGGAAACTA	0.674849679895325	22
CTCCGGAAATAT	0.674808068215872	19
AACCGGATGTTA	0.674323711420334	12
ACCCGGAAGTCC	0.672341154473326	14
TACCGGAAATTG	0.671811217748619	17
AGCCGGAAATGT	0.670873956031556	18
CACCGGAAGCAT	0.670580918330359	17
TCCCGGAAGTGA	0.670469428316606	11
AACCGGAAGTTG	0.669873642661315	10
CACCGGATGCAT	0.669365712132809	15
GACCGGATATGT	0.668822012714768	14
CACCGGAAGCGA	0.668394980721185	14
CACCGGAAGCCC	0.668343761114831	27
AACCGGATGCAA	0.668019874349261	17
GACCGGAAACGA	0.667978945813902	22
GACCGGAAACAC	0.667975365258551	35
CACCGGAAGCCG	0.667717724428967	16
CACCGGAAGCGT	0.667358631114843	12
AACCGGAAGCAC	0.667239066148647	24
TACCGGATGTTG	0.666753638382538	12
CACCGGAAACCA	0.666047544757493	29
CACCGGAAGTCG	0.665854851687882	9
AGCCGGAAGTTA	0.664285422327136	15
CACCGGAAGCAC	0.663832127172135	22
CACCGGATGCCG	0.663818762971191	14
GACCGGAAGCGG	0.663640554327608	13
GACCGGATGCGC	0.663515879955749	18
CGCCGGATGTGT	0.663243893960262	12
AACCGGAAATAT	0.662553028881667	17
CAACGGAAGTAA	0.662104113114752	13
CACCGGATGCGC	0.662069893844889	15
CACCGGAAGGAG	0.661105699451417	9
TACCGGAAACGC	0.660193466919773	25
CACCGGATGCAG	0.659170478592838	12
CACCGGAAGGGC	0.658494628818143	11
GACCGGAAGTAG	0.658237891080421	11
CCCCGGAAATGG	0.658093979273189	10
AACCGGATATAC	0.657497392630155	18
AACCGGAAGCTC	0.656208590436552	16
AACAGGAAATGA	0.656112957271313	17
AACCGGAAGCAT	0.656021466045542	17
GACCGGAAGTTC	0.655986636949767	13
CCCCGGATGCCG	0.655913954347055	12
ACCCGGAAGTGC	0.655229461415799	11
CACCGGAAATCC	0.655018418950761	21
TACCGGAAATAC	0.654840668583127	23
AACCGGAAGCGA	0.654630130322933	14
CACCGGATGCAA	0.65441177261148	15
AACCGGAAACCG	0.654164055364868	21
CGCCGGAAGTGA	0.653679554788505	13
CCCCGGAAATGT	0.65360161908332	11
ACCCGGAAGTAA	0.653337256214994	11
AACAGGAAGTGA	0.653155443376863	12
TACCGGATGTCA	0.652948128128233	13
CACCGGATGCTA	0.652648207958576	13
GACCGGATGTTT	0.6519644655605	12
CACCGGAAGGTA	0.651773770194906	10
CACCGGAAGCGG	0.651321750345896	10
AACCGGAAGGAG	0.651136227424895	9
AACCGGATGTCT	0.650659722255817	10
AACCGGAAACAC	0.6505666523351	31
GACCGGATGTAA	0.650243113621609	14
TACCGGAAGCTA	0.64938787687566	17
CTCCGGAAATGA	0.649024271743022	16
AACCGGAAACGG	0.648803199333719	13
AACCGGAAACGC	0.64874592839863	23
AACCGGATGCGC	0.64841749214297	15
TCCCGGAAGTTG	0.648054830250746	9
CACCGGATGAGT	0.647368288857903	9
CACCGGATATCG	0.647278323366027	11
TACCGGAAATCG	0.646840036759022	16
TACCGGAAGTCC	0.646837960034005	15
CCCCGGAAACGT	0.64669595639131	13
AACCGGAAACCC	0.646474698515134	34
GAGCGGATGTGG	0.645743266280476	18
TACCGGAAGTTA	0.645490810738305	12
CACCGGAAACAC	0.645252553700049	28
GGGGGGGTGGGG	0.645143046010129	136
TACCGGAAGTAT	0.644821687737139	12
AACCGGATGTCG	0.644569475203414	9
AACCGGAAACGA	0.64445731558415	18
GACCGGATATGA	0.644266583218463	14
AACAGGAAGTCA	0.643938788988349	13
GACAGGAAGTGC	0.643912539486157	15
TACCGGAAGTCG	0.64391119464345	10
AACCGGATGTCA	0.643144991197977	11
AGCCGGAAGTGT	0.642982279152894	12
GACCGGATGTGA	0.642891709760097	11
TACCGGAAGTTT	0.642668920837227	11
CACCGGATGCTT	0.641818062362822	11
AACCGGATGTCC	0.640872949286161	13
GAACGGATGTGG	0.640543362916223	11
AACCGGAAATCC	0.640049051207172	21
AACCGGAAGCCA	0.639438528643328	21
AACAGGAAGTGG	0.639091051698062	9
TACCGGAAGCAC	0.638946394453355	22
TACCGGATGTAA	0.638676854270759	13
TACCGGATGTAC	0.638440546081511	14
GTCCGGAAATGG	0.637746752269741	17
TACCGGATGCGT	0.637738929030052	11
CACCGGATGCGT	0.637569745336444	9
GACCGGAAACGG	0.637562951881667	14
AAACGGAAGTGG	0.637553272381794	9
CGCCGGAAGTGT	0.637208600476539	11
TCCCGGAAGTGC	0.636843479797375	11
GAACGGATGTGT	0.636708871604845	11
AACCGGAAATTC	0.636651293092354	16
GGCAGGAAGTGG	0.636501145757507	22
GGCCGGAAGTTG	0.636011260420571	18
CCCCGGAAGTCC	0.635953846584022	11
TACCGGAAACAG	0.63577604800867	18
CACCGGATGCAC	0.634646649109876	17
AACCGGAAACCA	0.633870933885316	27
GACCGGATGCAG	0.633376139307506	13
CACAGGAAGTTG	0.632964653015887	9
AACCGGAAGCAA	0.632785413655044	18
TACCGGAAATAA	0.632604010930669	18
GACCGGATGCTG	0.631620433173584	12
CAACGGAAGTAC	0.631275833669372	13
CACCGGAAACTT	0.63123509583161	15
AACAGGATGTGT	0.631115371691838	9
AACCGGAAGCGC	0.630714074095364	16
TACCGGAAGCGC	0.630706746988698	17
CTCCGGAAGTAG	0.629689056958959	9
GACCGGAAATCG	0.629057048160857	15
CACCGGAAAGGC	0.628483888181142	11
GACAGGAAGTAG	0.628149499472315	11
AACCGGAAACTA	0.627801373119652	19
TGCCGGAAGTTG	0.627611095098816	14
GACCGGAAATTA	0.627431571116912	17
ACCCGGATGCTG	0.627186362323686	9
TACCGGAAACCC	0.626571853305395	31
CACCGGAAACAT	0.626438925642253	18
AACCGGATGCAT	0.62554685471211	13
CGCCGGAAGTAA	0.625434885337976	13
GACCGGATATGG	0.625323677720362	10
GACAGGAAGTAC	0.625321360737516	16
CACCGGATGCCA	0.625266127515642	16
CACCGGAAATCT	0.625170272941808	13
AACCGGATGCTC	0.624618698214452	13
TACCGGAAGTTC	0.624217627594328	11
CACCGGAAACCT	0.624086652916825	18
AGCCGGAAGTGG	0.624081889740783	10
CTCCGGAAGTTG	0.623765947416369	9
TACCGGAAATAG	0.623525437815284	13
AACCGGAAGCCT	0.623512653203105	15
AACAGGAAATGC	0.623317994307043	17
GGCCGGATGCGT	0.623096914480096	18
CCCCGGATGTAA	0.62290901491952	9
AACAGGATGTAC	0.622757011506871	13
TCCCGGAAGTCA	0.622457728696963	10
AACAGGATGTTC	0.622396015719991	11
GACCGGATGTAT	0.622242272814277	11
CCCCGGAAGCGA	0.621582357453659	10
GGCCGGAAATGA	0.621574690470442	22
CCCCGGAAACGC	0.621334234437813	17
GCCCGGAAGTGC	0.621282737035856	12
AGCCGGAAGTTG	0.621137237725429	11
AACCGGAAAGAC	0.620981849116381	14
GGCCGGAAGTGC	0.620927941223535	19
AACAGGAAGTCG	0.620792533036589	9
GTCAGCATTTTC	0.620791115931678	22
CACCGGATATCA	0.62076013655006	12
CACCGGATGCTC	0.620662130521084	12
AACCGGATATGA	0.620626690162419	11
TACCGGATGCAG	0.620587333734264	12
CACAGGAAGTGC	0.620373492727904	11
TACCGGATGTTC	0.62014516082233	11
CACCGGATGTAC	0.620099955363045	11
CCCCGGAAATGA	0.619764120884046	11
TACCGGAAACTC	0.619417115759885	20
AAACGGAAGTAG	0.619374776831594	9
TACCGGAAATAT	0.619168988539106	15
GACCGGAAACAT	0.618631137175039	20
GACCGGAAACAG	0.61863061070401	17
AACAGGAAGTAG	0.618347472637297	9
GCCAGGATTTTC	0.618116532932499	14
GCCCGGATGTGA	0.618024581394448	10
TACCGGAAACGA	0.617879604557802	17
TGCCGGAAGTGG	0.616363147201075	12
GACAGGAAATGC	0.615674133401033	18
CACCGGATATGC	0.61560467297215	12
GACCGGAAACGT	0.615559675538892	15
CGCCGGATGTAG	0.615288361928232	10
GTCAGCATTTTT	0.615160418394796	19
CACCGGAAATTT	0.615047885179178	12
AGCCGGATGTGG	0.615042848159795	10
AGCCGGAAGTAA	0.614807128681451	13
CAACGGAAGTGA	0.614668348613303	9
GGCCGGAAGTGA	0.614420891250889	17
GGGCGGAAGTGG	0.614034480300541	31
GACCGGAAACAA	0.613821590665922	23
GACCGGAAGCAC	0.613538637927556	20
CCCCGGAAACGA	0.613536370105723	13
GACCGGATATGC	0.612970454783843	14
CCCCGGAAATCG	0.612774203251635	10
TACTGGCTGACC	0.611837181916917	21
GACCGGATGTAG	0.611593240919041	9
AACCGGATGCTT	0.610356920874463	10
TACCGGAAATCA	0.610341489012421	16
GCCCGGAAGTGA	0.609918764874541	10
AACCGGATACGT	0.609456329150739	11
GGCCGGAAATTG	0.609145229278658	21
GACCGGAAACCA	0.609109545833866	25
AACCGGAAACGT	0.608916633707401	13
AACCGGAAGCCC	0.608716361648915	22
AACCGGAAGCTA	0.608331256050975	13
GACCGGAAACGC	0.607260022494105	20
CACCGGAAATTC	0.606896390561398	13
GACCGGAAACCT	0.606864926185611	19
CGCCGGATGTGG	0.60677351343546	9
GTCCGGAAATGA	0.606084445377353	17
TGCCGGAAGTCG	0.605722248270061	12
GGGGGGATGGGG	0.605450160570873	56
GTCAGGCAGCAT	0.60512205274994	24
GACCGGAAGCAA	0.605007191343699	17
GGCCGGATGTTA	0.604422973253205	17
CACCGGATATAC	0.604344615691948	13
GACCGGAAACTC	0.603731265355779	19
ACCTGGCTGACC	0.603535845871135	18
GTCCGGAAGTGG	0.603521473817609	11
AACCGGAAGAAA	0.603276156681371	12
TACCGGATGCGG	0.603260003301318	9
GACCGGATATCA	0.602941650042819	13
AACCGGATATGC	0.602439319856767	12
AACCGGATATAA	0.601654369994238	12
AGCCGGATGTGC	0.601634284717797	12
CTCCGGAAGTCA	0.601379524199771	10
GAACGGATGCTT	0.601240785957146	12
GGGGGGGTGGGT	0.601058756223764	108
TCCCGGAAATGG	0.601054331963394	9
GACCGGATATAA	0.59981440248757	13
TACCGGAAACCG	0.599672495720232	17
TACCGGATGTCT	0.599653171067887	9
CACAGGAAGTAA	0.598975767567214	10
AGCCGGATGTCC	0.598722634456228	13
CTCCGGAAATCT	0.598387593008853	13
GACCGGAAACTT	0.598221191707137	15
CGCCGGAAGTAC	0.597966844866905	13
CACCGGATACAG	0.597033422248049	11
GGCCGGAAGTTA	0.596927203889546	16
AACCGGAAATCT	0.596531868758278	12
AACCGGAAAAGG	0.595978737160855	9
TAGCGGAAGTGG	0.595788382678321	14
AACCGGATGCAC	0.594850970493088	15
GACCGGATGCCG	0.59480712722592	12
GACCGGAAGCCA	0.594455435486511	18
CACCGGAAGGCC	0.593928007610175	12
GACCGGAAATTT	0.593844404206385	13
GGCCGGAAATAG	0.593686416980251	18
GACCGGATGCGA	0.59358696224127	11
GCCAGCATTTTA	0.593195309688184	17
AACAGGATATTG	0.59285033871219	9
CACCGGAAGCCT	0.592440255701513	12
TACCGGAAGTCT	0.592342688615375	9
TCCCGGAAATGA	0.59168347209778	11
TACCGGATGTGC	0.591509012731889	10
GTCAGCAAGCAT	0.590769820313917	23
GACAGGAAGTCG	0.590399572065731	9
AGCCGGATGCTG	0.589610847702266	11
CACAGGATATGC	0.589363780528023	11
CACAGGAAACGG	0.589232491925461	10
GACCGGATGCAA	0.589087339977678	13
AACTGGCTGACC	0.588782471438672	18
GACCGGAAGCGT	0.588621816138444	10
AGCCGGAAGTAC	0.588436642090376	13
TACCGGATGTCC	0.587657560996128	11
AACAGGATGTTA	0.587588109744797	9
TACCGGATATTG	0.587085569402531	9
TAACGGAAGTGG	0.586377320988248	9
ACCCGGAAGCGA	0.585825122536343	9
ACCCGGAAATGA	0.585688730044059	10
AACCGGAAATTT	0.585647910051102	11
CACCGGATATCT	0.585417576460374	9
AGCCGGAAATGG	0.584135631513882	11
TACAGGAAGTGC	0.583942867324125	11
TACAGGAAGTTG	0.583753838237301	9
GACCGGATATTG	0.583282647363409	9
GGCCGGAAGTAA	0.583194742492936	16
CGCCGGAAGTTT	0.582195103485677	9
AAACGGATGTAC	0.582153678864237	10
AGCCGGAAATGC	0.582095285905589	15
CCACCGAACACG	0.581991485551731	16
CGCCGGAAGTCA	0.580768362510567	10
TACCGGAAACCA	0.580360078179686	21
GACCGGATGCTA	0.579808079695352	11
GACAGCATTTTC	0.579252148390166	15
GACCGGAAGTCC	0.578860724018199	11
GCCAGCATTTTG	0.578661420259509	12
GACAGGAAATGA	0.578606867433273	13
CTCCGGAAACTT	0.578568189738186	13
CACAGGAAACGA	0.578462888318671	13
TTCCGGAAGTGA	0.578397186064884	10
TACCGGAAATTA	0.578084877365129	13
TACCGGAAATTC	0.577794566174511	13
TACCGGATACGG	0.577725240642142	9
CCCCGGAAGCCA	0.57745070213548	13
GGCCGGAAGTCT	0.576912332719385	14
GGCCGGATGTGG	0.576862192180133	13
CCACCGAACTAG	0.576809028114808	9
CGCCGGAAACAG	0.576607316899729	14
AACCGGAAGCCG	0.576291991970326	11
CGCCGGAAGTCT	0.576287580889464	9
GAGCGGATGTTG	0.576276414334654	14
CGCCGGATGTGC	0.576238654074708	10
AACCGGAAATCG	0.576043989104102	10
TCCCGGATGTAC	0.574729322495939	9
TACCGGATGCCA	0.57469774756718	14
GGCCGGATGTTG	0.574620231017672	14
AACAGGATATGC	0.574568750869698	11
TACCGGAAATGT	0.574550863696147	10
CCCCGGAAACAC	0.574465345050238	18
CACCGGATACGA	0.574044540205379	10
GACCGGATGTCA	0.573949307393754	9
CCCCGGATGCAA	0.573888415321462	9
CGCCGGAAACTG	0.573674085553492	13
GACCGGAAATTC	0.573454101041361	13
CACCGGAAGCTC	0.573086345997727	10
GTCGGGCAGCAT	0.571508092465692	26
AGCCGGAAGTCA	0.570983260272946	10
TACCGGAAATGC	0.570817674333902	13
AACCGGATATCC	0.570730355840789	12
ACCCGGATGCAC	0.570630029990673	12
AACCGGAAGCTT	0.569824578246778	9
CTCCGGAAATAC	0.569511467958475	15
GGGAGGGTGGGG	0.569477650693044	49
GACCGGATATTA	0.569010369426813	10
GGGCGGGTGGGT	0.568629866964008	47
AGCCGGATGTAC	0.567985221459244	11
GACAGGATGTGC	0.567882166240667	10
TACCGGAAGCGA	0.567538918745086	10
GACCGGATGTGC	0.567423151306242	9
CTCCGGAAATTA	0.567419154508082	12
AGCCGGAAGCGT	0.56736435385204	10
CGCCGGAAGTTC	0.567249186387335	9
AGCTGGCTGACC	0.567052226760649	19
TGCTGGCTGACT	0.567035258194754	18
TGCCGGATGTGT	0.5669530794953	10
GCCCGGAAATGG	0.566096021478168	9
GGCCGGAAGTAT	0.565550874386604	14
CCCCGGAAACAG	0.565433339632434	10
AGCAGCATTTTC	0.565267817184995	15
AACAGGAAACGA	0.56408092881646	13
AGCCGGAAGTCC	0.564073183252377	11
GAACGGATGTAT	0.563826842070533	9
TACCGGAAGCTC	0.562924328893166	11
AACCGGAAACAT	0.562596009578961	14
GAGCGGAAGTGG	0.561791435047279	13
TACCGGAAATCC	0.561688552854838	15
TCCCGGATGCAC	0.561380070986387	12
CAGCGGAAGTTG	0.561159117547419	10
GTGTGGAGGGGG	0.560999446342132	28
CCACCGAACAGA	0.56080464204075	10
CCCCGGAAACTG	0.560468906867266	9
CTCCGGAAACGG	0.56000845402104	9
TACCGGATATGA	0.559813948470391	9
TACCGGAAACAC	0.559753886612813	20
AACCGGAAGAAC	0.55972062889691	10
AAGCGGATGTAG	0.559417160427361	9
GGCCGGAAATGT	0.559353889988111	15
GGGTGGGTGGGG	0.558727650124097	65
TACCGGATGCGA	0.558664516109013	9
GACAGGAAGTTA	0.558549206311433	9
CCCCGGAAATTA	0.558528195531828	9
AGGCGGAAGTAC	0.558235988998181	18
TGCCGGATGTCG	0.557367011476448	10
TACCGGAAGCTG	0.557162863370688	9
TTCCGGAAATGG	0.557069372732426	10
GACCGGAAATCC	0.55698168658318	15
AACCGGAAACTT	0.556772738967717	11
CACCGGAAGGCA	0.556625813714841	9
GCCCGGAAGTAC	0.555784524290999	10
CGCCGGAAGTGC	0.555694235451867	9
AGCCGGATGCAC	0.555185043134965	14
AACCGGATGCCA	0.554888176166899	12
TACCGGAAGCCC	0.554556889628536	17
TACCGGATATAA	0.554063788748695	10
TACCGGATGCTC	0.55367978313676	10
AACAGGAAGTAC	0.553648729201628	10
TACCGGAAGCAT	0.553605924076455	11
AACCGGACGTAA	0.553544620901452	11
GACCGGAAACCC	0.553238835130682	22
CAACGGAAACGA	0.553225712452796	11
GACCGGATATAT	0.55284752045853	9
TGCCGGAAATGT	0.552753797646877	12
AACAGGAAGCAC	0.552675089207575	15
CGCCGGAAACGC	0.552587714939304	15
AGCCGGATGTCA	0.552544614958712	9
GGGAGGAAGGGG	0.552443479967054	23
CCCCGGAAGCGC	0.552238911074431	9
TGCCGGATGTTG	0.551916751671577	10
GGAGGGAAGGGT	0.55125513529028	25
TACCGGAAGCTT	0.551201349954589	9
TGCCGGAAGCGT	0.551193058281142	11
TGCCGGAAGTGC	0.550905668580503	11
CTCCGGAAATTC	0.550847596152703	11
GTCAGGAAGCAT	0.550721362964691	16
CCCCGGAAATAC	0.550655757233895	11
TACCGGATACAG	0.549967588963931	10
GACCGGATGCAT	0.549774990937995	10
CACCGGATGCCT	0.54973771812207	9
TTCCGGAAGTAC	0.549063328850263	11
TACCGGAAACAA	0.548991283452952	16
GGCCGGAAATAA	0.548877897052269	17
TGCCGGAAGTAA	0.548145338312696	11
ACCCGGAAACGA	0.548119080165376	10
CGCCGGAAATGC	0.548019218820026	12
ACCCGGAAATAA	0.547019591822183	10
TGCCGGAAGTAG	0.546857660519048	9
CACCGGAACTAC	0.546794341763638	13
GACCGGATATAC	0.545981282637592	11
TACCGGATGCTA	0.54598120404742	9
AGCCGGAAACGC	0.545955063743326	15
GTCCGGAAGTTG	0.545632064064096	9
CACCGGATACAC	0.545246505697998	13
AACCGGAACTTG	0.545139123373624	9
GGCCGGATGTGC	0.545008836601656	13
AGGAGGAAGTGG	0.544709686107983	11
GCCCGGAAGCGA	0.54444837237663	9
TGCCGGAAGTGT	0.544436274618035	9
TACAGGAAGTAA	0.543848640181552	9
GGCCGGAAGCGG	0.543797134908576	12
GACCGGAAACCG	0.543683105162736	13
CGCAGGAAGTGC	0.543621275960035	10
GACCGGATACTG	0.543159139671174	9
AACCGGATACTA	0.54312387869851	10
AGGCGGATGTGG	0.542764527657713	11
AGCCGGATGTAA	0.542177620803171	9
AAGCGGAAGTCG	0.542053072686385	9
TACCGGATGCAC	0.541883588185102	12
CACAGGAAACGC	0.541790435447891	13
CAACGGAAATGC	0.541663404182561	10
CACCGGATACGC	0.540990364043945	11
CGCCGGAAATGA	0.540941058307407	10
AAACGGAAACGA	0.540790788695073	11
GACCGGAAGCTA	0.539839598526689	10
GACAGGAAATAC	0.539718357289603	14
GACCGGAAACTA	0.539276385824167	13
CTCCGGAAATAA	0.539107536087153	11
AACAGGAAGTCC	0.539014251725814	9
CCCCGGAAACCA	0.539013769068894	14
GACCGGAAATCT	0.538971111964011	10
AACAGGAAACAG	0.538761998526866	11
GGCCGGATGGGG	0.538656676461794	11
GCCCGGAAATGC	0.538453564816137	11
TAGCGGAAGTAG	0.538311097141799	11
TGCCGGATGTAC	0.537919469028966	11
GCCTGCATTTTC	0.537890094510682	12
GGCCGGAAGTTC	0.537807113963241	12
GGGCGGATGTGG	0.537792612679141	19
CTCCGGAAACTG	0.537685192577645	10
GTCAGGTAGCAT	0.537288089373482	18
CACCGGATACAA	0.537195439664626	11
GAGCGGAAGTGC	0.537090366734217	14
ACCCGGAAATAC	0.536213049356746	11
CGCCGGAAATAC	0.535819481551993	13
CACTGGCTGACT	0.53564176674915	9
AAACGGAAATAC	0.53526978658979	12
AACAGGATGCAT	0.53499333441953	9
CGCCGGATCATA	0.534910848390072	10
TACCGGATGCAT	0.534478684008013	9
GACCGGATACAC	0.534356730189419	14
GGCCGGAAATCG	0.533459672578311	15
AACAGGAAAATG	0.533053375212431	9
AGCCGGAAATGA	0.532745123545919	10
ACCCGGAAATGC	0.532571672811566	9
GTTAGGCAGCAT	0.532549225385609	19
GGCCGGAAGTTT	0.532519041886324	11
AACCGGAAACCT	0.532184197437081	12
GACCGGAAGCAT	0.532109774349187	10
TGCCGGATGCCC	0.532027591218381	16
TCCAGCATTTTC	0.531732696844935	11
TGCCGGAAGTGA	0.531652866779202	9
TGCCGGAAGTCT	0.531592321268186	9
CTCCGGAAACGC	0.531567269845259	13
AACCGGAAACTC	0.531393260797949	12
CCACCGAACACT	0.531340783201173	13
CCCAGCATTTTC	0.53121763578726	10
GTCCGGAAATGC	0.531167489805305	13
TACCGGATGCGC	0.530488598484467	9
AGCCGGAAATAG	0.530377695266455	9
GTGAGGAGGGGG	0.530231214608112	15
CCCCGGAAACTC	0.530175706587966	10
AACAGGAAACCA	0.529993529249922	16
CCACCGAACGAC	0.529814245949711	10
TACCGGAAACTA	0.52959083085003	12
AGGTGGGTGGGG	0.529499061964115	33
TGCCGGATATTG	0.528996996837273	9
AGGCGGAAGTGT	0.528408951542576	12
AACCGGATACGC	0.528260456871383	11
AACCGGATACTC	0.528227215585722	10
AGCCGGAAATTA	0.528095125340324	11
GGGGGGAAGGGG	0.528030661272248	41
AACCGGATGAAC	0.527586779481332	9
ACACCGAACAAT	0.52721461211876	10
AAAGGGAAAATG	0.526968485754025	12
CACCGGAACTCC	0.52673928711302	13
CACCGGAACTAA	0.526628702878495	11
AGGGGGAAGGGG	0.526439876580056	23
TACCGGAAACAT	0.526344125713779	12
GGGCGGATGTTG	0.526162594248819	19
TGCCGGAAGTTA	0.526146665026524	9
AAGCGGAAGTGA	0.524114288401038	9
TACCGGAAATCT	0.524025897497679	9
TACCGGAAGCCA	0.52398589354062	12
AGAGGGAGGGGG	0.523844229511021	11
GACCGGATGCCC	0.523818181981043	13
GGCCGGATGTAG	0.523722923029662	10
TCCCGGAAATGC	0.523507211490625	9
GACCGGATATCC	0.523079159885089	10
GACCGGAAGCCG	0.522791235229294	9
CGCTGGCTGACC	0.522521855851425	13
TGCCGGAAATGA	0.522431674264411	11
GGGTGGGTGGGT	0.521884661647657	52
AGCCGGAAATCA	0.521350459640151	11
AACAGGAAATCA	0.52085645710991	10
GGCCGGAAGTCC	0.520760407920591	12
AACAGGAAGCGC	0.520681188985287	10
CCCCGGAAACCC	0.520651246797348	15
AACAGGAAGCTC	0.520584183024212	9
GGAGGGAAGGGG	0.520495574430956	20
AGCCGGAAATTG	0.520380607569124	9
CACCGGATACCA	0.520113325062268	12
AACAGGAAGCAA	0.519346872768642	11
TACCGGAAGACA	0.51890688554886	9
CACCGGATGCCC	0.518900314760048	11
ACCCGGAAACAA	0.518479781350319	12
AACAGGATATAC	0.518401917025894	9
GAGCGGATGCTG	0.518265926386019	11
AACCGGATACAC	0.518076863144192	12
CCCCGGAAACAA	0.517651633478067	11
GGGCGGGTGGGG	0.517235253417118	36
GTCAGGCAGCAG	0.516813963809718	14
TACCGGAAGCCT	0.516679294375398	9
TGAGGGAAAGGG	0.516530337969043	14
CTCCGGAAACTA	0.516421983186919	11
CGGCGGAAGTGG	0.515823136751164	9
GAGCGGAAGTTG	0.515436955827673	11
ATCTGGCTGACC	0.51529177143312	12
TACCGGATATAC	0.515250926788245	9
AGCCGGAAATAC	0.515007864093414	12
GGCCGGAAATGC	0.514928009583109	14
TGCAGGCTGACC	0.514832833507527	16
GACCGGAAGACA	0.514741748641589	9
TAGCGGATGTTG	0.514420192000594	9
CAACGGAAATAC	0.514217513825986	10
TGCCGGATGTGC	0.514196425145624	9
GCCCGGAAACTG	0.513812588519434	9
GAGCGGATGCGG	0.513750552444055	10
GACCGGATACAA	0.513270184573303	11
GAGTGGAGGTGG	0.513084498467836	13
AACCGGAACTGA	0.513078341905526	9
CCCCGGAAATCC	0.511724681194147	9
TGGGGGAAGGGG	0.511502279091207	29
GCTAGCATTTTC	0.511427091253961	12
AGGCGGATGTTG	0.510892704556124	10
CCCCGGAAGCAC	0.509957156369037	9
GTCCGGAAATTG	0.50993724853491	10
CACCGGAAAACA	0.509232831526193	11
ATAGGGAAAGGG	0.509055291628681	9
CGGCGGATGTTA	0.508978076322996	9
GGGGGGGTGGGC	0.50897682452508	69
CGCCGGAAACAA	0.50891719547804	13
TCCCGGAAACTC	0.508750111594559	10
GGCCGGATGTTT	0.508056095151654	10
TGCTGGATGACC	0.507979501895116	17
AACCGGATACAA	0.507924637713845	10
GGCCGGAAGCAG	0.507798927482329	12
TACCGGAAAGCA	0.507436790372313	9
CTCCGGAAACAG	0.507103194062675	9
CCCCCGAACATA	0.506932289322828	9
CACAGGAAATAC	0.506801990406483	10
AGGTGGAGGGGG	0.506667524613048	16
AGCCGGAAATAA	0.506498161116846	10
CTCCGGAAACCA	0.506478495623511	14
TACAGGAAGCAC	0.50621953501603	12
GACCGGAAGCGC	0.50603093931573	9
GGCCGGAAGTCA	0.505923850652469	10
AGCCGGAAACCG	0.50579526275234	11
GGCGGGCTGGGG	0.505465640873559	17
GCCCGGAAATCC	0.505461049616284	11
AGCCGGAAATAT	0.505261394353701	9
GTCCGGAAATGT	0.504693864514736	9
GACAGGAAACGC	0.504601537844286	12
GGCCGGAAACGG	0.504478910991176	11
TGCAGGAAGTGG	0.504334088183694	9
GGCAGCATTTTT	0.503451442991178	12
CTCCGGAAACGA	0.502926781834784	9
GTCAGGCAGGCA	0.502398207079988	13
AAACCGAACACT	0.502313367292447	11
CGCCGGAAACCC	0.50217402886481	16
GAGCGGAAGTGT	0.501670276737859	10
AGCCGGAAGCAT	0.501522811078872	9
AACAGGAAATAA	0.501462288128433	9
TGCCGGAAATGC	0.501233287679697	11
AAACGGAAGCCA	0.50103783763779	10
GAGAGGTTGGGG	0.500551702717449	10
TGCTGGCTGACC	0.500399172404055	15
CCACCGAACAAA	0.500361517466239	12
GCAGGGATGGGG	0.49982602425167	12
AGCCGGAAACCA	0.499727528935422	14
CTGAGCAAATTT	0.498873805770321	11
GTAGGGAAGGGG	0.498689677327771	14
GTCAGGCAGCAA	0.498416750182551	15
TGCCGGAAATCG	0.497241751983362	10
AACCGGAAAACA	0.496523015532787	11
GGAGGGATGGGG	0.496011448826337	17
CACCGGAAAAAC	0.495973646852647	10
CACAGGAAACCG	0.495850718675994	9
GGCCGGATATAG	0.495828665909551	9
CGCCGGAAATAA	0.495739716596346	9
GGTGGGAGGGGG	0.495654278177106	28
GCCCGGATGCCA	0.495345815953475	9
CGCCGGAAACAC	0.495267711876319	14
GGAGGGAGGGGT	0.495157250933538	18
GGCCGGATGCGG	0.494688272876238	9
GGCAGGAAGCAT	0.494680534110472	15
GGAGGGAGGGGG	0.494555270985641	18
GGGCGGAGGGGG	0.494433859321497	18
ACATGGGTGGGG	0.493900197522112	9
GGCAGGAAGTCA	0.493560447536423	12
CACCGGAACTGC	0.493098124647738	9
TGCCGGAAGTAC	0.492864103037985	9
AAGGGGAAGGGG	0.492834218090754	11
AACCGGATACCA	0.492669381177846	11
CGCCGGAAACTA	0.492393885324823	10
GGGCGGAAGTGT	0.491958735582725	17
CGCCGGAAACGA	0.491917121773097	9
GAGCGGATGTTT	0.491591513790173	9
GGGCGGATGTGC	0.491573474696546	16
TAGCGGAAGTGA	0.491411443674498	9
GGCCGGATGTAC	0.490978467246792	10
AGCCGGAAACAG	0.490721504587277	9
GACCGGAAAAGC	0.490296603184522	9
GGGCGGAAATGG	0.490153245600903	19
GAGGGGAAAGGT	0.489925085751024	16
GGGGGGCTGGGG	0.489628537406998	32
CCACCGAACTAC	0.48920083560305	9
GACCGGAAGCCC	0.48910378206322	12
AGCCGGATGCCC	0.488847319754684	11
CCCTGGCTGACC	0.487726854050211	9
AAGCGGAAGTAC	0.48712491968902	9
CAACGGAAACGC	0.48712395206271	9
GCCCGGAAACGC	0.486884371457324	10
GAGCGGAAGTAG	0.486725990633855	9
GGCCGGAAACCG	0.486647666590395	13
TTGCGGAAGTTG	0.486473859079486	11
GGCCGGATGCGA	0.486457300062671	10
TGGCGGAAGTGG	0.486276607684683	11
GTCGGGAGGGGG	0.486061445562102	10
TAGTGGAGGTGG	0.485653734433016	10
TTCCGGAAATGC	0.485333297317	9
ACATGGCTGACC	0.485113670952855	10
TAGGGGAAGGTG	0.484991749075523	14
GGGCGGAAGTAG	0.484855795222752	16
CTCCGGAAACAA	0.48485528901613	11
AGCCGGAAACGA	0.484769944050254	9
GGCCGGATGTTC	0.484697960592656	9
AACAGGAAACCG	0.484559252741006	9
CTCCGGAAACAC	0.484359371873286	13
TCCTGGCTGACC	0.484298744564841	10
TACCGGATGCCC	0.484248932093947	10
GGGGGGAAAGGG	0.48415141062156	30
ACCCGGAAACCA	0.483638388108057	11
ACGGGGAAGGGG	0.482690749788593	9
AGGGGGAAAGGG	0.482533702601518	17
GAACGGAAACGC	0.482199233679812	10
TTAGGGGTGGGG	0.482193501692316	18
GGGCGGATGTGA	0.4820067440444	14
CGGGGGAAAGGG	0.481146346706352	16
AAAAGGAAAAAA	0.480918219744485	9
GTCAGGCAGTTT	0.480800124499042	10
TCCCGGAAACCA	0.480476267824028	11
AACCGGAACTAA	0.48042757933859	9
GGCAGGAAGTAG	0.480110466839506	10
GACCGGAACTAC	0.47980735152132	10
AGCTGGCTGACT	0.479669147549561	9
AGTTGGAGGGGG	0.47962007319438	10
AAGGGGAAGTGG	0.478877968982104	9
GCCCGGAAATAC	0.478669816086415	9
GGGGGGGAGGGG	0.478590518317758	56
GGCAGGATGTGG	0.478565328365767	10
GGGGGGGTGGTG	0.47840042477011	57
GGTGGGGTGGGG	0.47834164908239	43
GCACCGAACATA	0.478205579005884	9
TACAGGAAACAA	0.478067517254755	11
CGGTGGATGGGT	0.47798497800277	11
GACAGGATGCAC	0.477459874639567	9
GTGGGGAAGGGG	0.476869383052076	23
CACAGGAAACCA	0.476721524295594	11
CTCCGGAAACTC	0.476493817114275	9
GTAGGGAAAGTG	0.475832176544533	12
AAGGGGAAAATG	0.475501874451583	12
ATCCGGAAACGC	0.475362922116493	10
GGGAGGAAGTGG	0.47496915354235	13
GTGAGGCAGCAT	0.474908678437567	15
GGGGGGGAGGGT	0.474855494522551	52
GGGGGGAAGTGG	0.47470110982765	26
GACAGGCAGCAT	0.474554939675693	9
AAATGGCTGACC	0.474448326757767	10
ACCCCGAACACA	0.473907435842656	11
AGGGGGGTGGGG	0.473793012943937	30
AACCGGATGCCC	0.473778688545708	9
GAGCGGAAATGA	0.473352977316583	11
TTGGGGAAAGGG	0.472562763381191	17
GGGGGGGTGGGA	0.472329671319729	54
GGCGGGATGGGG	0.472204482046552	14
AGGGGGAGGTGG	0.472177618436278	16
AACCGGAACTAC	0.47184268567696	9
AAACCGAACACA	0.471496117931058	12
TAGCGGAAATGC	0.471454616547694	11
GAGCGGAAGTTA	0.47138450994837	9
GGAGGGATTGGG	0.471367310845641	14
GGGCGGAAGTGC	0.471100967673126	16
TGCTGGCTGTCT	0.471095205972677	10
ATTGGGAAGGGG	0.470201420458978	11
CACCGAAATAAA	0.470097040339056	9
GGGCGGAAGTTG	0.469987693372621	15
GGGCGGATGTTC	0.469802922977152	14
GGCCGGAAGCCA	0.469521727220562	12
GGGAGGGTGGGT	0.469493091572392	27
GGGGGGCTGGGT	0.46927230530246	29
AAGCGGAAGCGC	0.469020930107207	9
ACACCGAACACC	0.46896594349918	14
CGGGGGATGGGG	0.468868433867681	14
AGGCGGAAGTTA	0.468172034769838	9
CCACCGAACACA	0.468101312309881	12
ATGTGGCTGACA	0.467916724963352	12
TTGCGGAAGTGG	0.467753324772128	9
TGGTGGGTGGGG	0.467749923555092	30
AGGAGGGTGGGG	0.467647613587178	14
AACAGGAAGCCA	0.467512325547335	9
CCCCCGAACACA	0.467428208910432	11
GGTGGGATGGGG	0.467166586871444	22
GTGAGGGTGGGG	0.466993908414691	19
ACAGGGCAGCAG	0.466246079521774	9
GGCCGGAAACGC	0.465869233067268	12
GGGGGGAAGGTG	0.465851670926014	30
GTGGGGAGGGGG	0.465755765925054	22
GGGCGGATGCGT	0.465566409876141	13
GAGGGGGTGGGG	0.465061538755796	26
TTAGGGAAAGGG	0.464946236135964	9
GGTGGGAAGGGG	0.464720102322984	23
TGCCGGAAACCT	0.464672986860779	10
TAGGGGAAGAGG	0.464658783987394	11
CACCGTAACACT	0.464505619679939	10
GGCCGGAAGTAC	0.464283505709847	9
GGCGGGGTGGGG	0.463781156263553	26
GCCTGGCTGACC	0.463361239164261	10
GGGGGGATTGGG	0.463315888817595	24
AAGGGGAAAGGT	0.463237075738777	9
GGAGGGTTGGGG	0.46297377806853	19
GTAGGGATGGGG	0.462920917049803	11
GCTAGGCTGACC	0.462721687384931	11
GGCCGGATATGC	0.46256938066052	9
AGTGGGAAAGGG	0.462533573979946	12
CACAGGAAACAA	0.462302528789355	9
GGCAGGAAATGG	0.462260500798311	11
GGGGGGGTTGGG	0.461893129815648	47
GTCAGGCAGTAT	0.461537698828437	9
GAGTGGGTGGGG	0.461306946658766	17
TGCCGGAAGCAA	0.460412716594871	9
TAGCGGAAGTAC	0.459907617685004	9
GTCAGGCAGCTT	0.459684335441925	10
GGGCGGAAGCGC	0.458800309081096	17
GGGAGGATGGGG	0.458705533441821	13
TTCCGGAAGCAC	0.458655114766449	9
AATGGGAAAATG	0.458573532085962	10
GTCTGGCAGCAT	0.458566930240639	11
AGCAGGAAATGC	0.457661350761223	9
GGGGGGCAGGGG	0.457372412180727	34
CACTGGCTGCCC	0.45716466039832	10
AACCGGAAAACC	0.457010369452862	10
GGCCGGAAATAC	0.456767563848373	11
TAAGGGAAAATG	0.456697636147387	9
GGGGGGATGGGT	0.456694624690485	24
GGGCGGAAGTCG	0.45628724637665	13
GGGAGGAGGGGG	0.456255949330056	13
GGCCGGATGCCA	0.456150366946564	10
AGGGGGATTGGG	0.455771147082113	13
GGCCGGATGCAT	0.455703305680112	9
CTCCGGAAACCC	0.455476478994001	12
GTGGGGAAAGGG	0.455277898695745	19
GTAGGGAAAGGC	0.454365254581178	11
AGGGGGAAGAGG	0.453949710255384	14
GGGTGGATGGGG	0.453824665108536	17
GGGCGGATGGGT	0.453662140649678	12
GGTGGGGTGGGT	0.45364578365453	36
GGCCGGAAATCA	0.453572819570015	10
GACCGGATACCA	0.453189649356024	9
TGCCGGAAACCG	0.453086862313295	9
CACCGGAAAACC	0.452938443127864	9
GGGCGGGTGGGC	0.45272061970421	25
GGCCGGAAACGA	0.45252787268193	10
CGGCGGGTGGGG	0.452031804474791	11
CCACCGAACAAC	0.451863704922137	10
GGGGGGAAGGGT	0.451371582175982	27
GGCCGGAAACAA	0.45135840957413	12
GGGCGGAAGGGG	0.451317724610383	14
TCGGGGAGGGGG	0.450631580236508	10
AAGGGGAAGGTG	0.450386691456572	9
GGCCGGAAACTG	0.450364545065042	9
ACTTGGCTGACC	0.450276701668677	9
TGTGGGAAGGGG	0.450112475655746	16
GGGCGGGTTGGG	0.450111779477035	22
GGGGGGGTGTGG	0.44997878230768	44
GGGAGGAGTGGG	0.449883496191253	11
TGCCGGAAACTA	0.44908482784119	9
ATTGGGAAGGGT	0.448179045495047	10
GGCCGGAAATCC	0.447476055873144	11
GAGGGGAAGAGG	0.447200574696642	12
GTAGGGAAAGAG	0.446538270549824	10
TAGTGGGTGGGG	0.446434362173138	14
ACACCGAACACA	0.445951674420233	10
GCCCGGAAACCC	0.445679939252945	11
AGGCGGGTGGGT	0.445679174389928	12
CACCGGAACCAA	0.445599741560789	10
GTGGGGATGGGG	0.445577109448883	17
GGCAGGGTGGGG	0.44557538135219	15
GGCAGGAAGTAT	0.445370795742998	9
GCAGGGAGGGGG	0.445342979411506	9
GGGCGGAAGTGA	0.445142509008529	13
AACCGGATACCC	0.444858420997554	10
TTCTGGCTGACC	0.444685529291452	9
GGGAGGAATGGG	0.444681047136828	12
GGGCGGCTGGGG	0.444498660269764	12
GCCTGGGTGGGG	0.44447397433897	9
GGCCGGAAACAG	0.444365366129807	9
GGTAGGAAAGAG	0.444054893880388	12
GGGCGGATGTCG	0.444042713504038	11
GGGGGGAGGGGG	0.443849088320183	25
ACCCGGAAACAC	0.443346430184803	9
TAGGGGAAGGGG	0.443336688007294	10
GTTGGGAAAGGG	0.443197915104249	14
GGCAGGAAATAG	0.443048974104017	10
CGGGGGAAGGGG	0.442954240878868	13
AGGGGGAGGGGG	0.442905132534746	14
GGCAGGATGTGC	0.442808461175814	9
GAGCGGAAATGC	0.442269464299397	10
GGCAGCATTTTC	0.44209668152928	9
GGCCGGAAATTA	0.442049101942099	9
TGCTGGCTTATA	0.441933992438441	9
GGAGGGGTGGGG	0.441446802372895	23
CAGGGGGTGGGG	0.441349294892367	15
CACCGGATACCC	0.4409502346212	9
GGGCGGATGGGG	0.440861070610786	11
AAGTGGGTGGGG	0.440437277536845	10
GGGCGGAGGTGG	0.440435767557824	12
GGGCGGATGGCG	0.440430027626228	11
GGAGGGAAAGAG	0.440341548821987	12
TCCCGGAAACCC	0.440278071364258	10
AAGCGGAAACGC	0.440249013515003	9
ATGCGGACTGAC	0.440223303834196	9
CGGGGGAGGGGG	0.439763398065994	13
GCTTGGCTGACC	0.439438023379895	11
GGGGGGATAGGG	0.439038331831073	20
AGGGGGAAGGGT	0.438584445773159	14
GGGAGGGTGGTG	0.438140735512434	23
TGCCGGAAACAC	0.438003534411257	11
TAGTGGGTGGGT	0.437737467702387	13
AGGGGGATGGGG	0.437668822492085	12
ATGAGGGTGGGG	0.437661966218517	9
GGCGGGCAGGGG	0.437036675426808	14
TCAGGGCAGCAT	0.436882288625222	10
TTGCGGAAATGG	0.436260180191312	9
TGGAGGAAAGGG	0.435785867658294	9
TGGAGGGTGGGG	0.435647302275643	16
GCTGGGAGGGGG	0.435187357034254	10
GGGGGGAAAGTG	0.435164140372664	22
GTAGGGAAGGGC	0.434881051774015	10
GAGGGGATGTGG	0.434451318198223	10
ATCCGGAAACAC	0.434196022593616	10
TTGGGGAAGAGG	0.433610109078929	13
GGCCGGATACAC	0.433269536342451	10
TGGGGGGTGGGG	0.433262014291747	32
CACCGGAACCAC	0.432875757715113	11
GTAGGGATGGGT	0.432725924432288	9
TGCCGGAAACCA	0.432694587982004	10
TGGGGGAGGGGG	0.432575375483812	18
AGAGGGGAGGGG	0.432427591806739	11
GGGCGGGAGGGT	0.432342194648149	20
TGCTGGACTGAC	0.431802805180578	9
GGGCGGATGTAC	0.431746028961771	11
GTGTGGAGGTGG	0.431257834896347	12
TATTGGGTGGGG	0.430425676205253	12
GGCGGGAAGTGG	0.430380500956739	11
TGCTGGCTAACC	0.429993832358684	12
GCGTGGAGGGGG	0.429850995599125	10
TGCTGGATGCCC	0.429707999520252	11
AGGGGGAAAGGT	0.429576909830195	12
GTAGGGAAAGCT	0.429572986210262	10
TGCCGGAAACAA	0.429191197904396	9
GGGTGGAGGGGG	0.428757674666355	16
GGGGGGGTCGGG	0.428242627016249	38
GGGCGGGTGGTG	0.42806370795993	21
TGCGGGATGTGG	0.427935781028957	9
TAGGGGAAAGAG	0.427884169887186	9
AGTGGGGTGGGG	0.427774865143168	16
TGGCGGATGCGC	0.427726172527913	9
GAGGGGATGGGG	0.427639540103021	10
GAGGGGAAGGGG	0.4276215950598	11
GCACCGAACAAC	0.427316581932905	9
TGGGGGAAGGTG	0.427153863104466	18
GGGGGGAATGGG	0.427060282576303	20
TGGGGGAAAGGG	0.426709723421477	16
TTGGGGGTGGGG	0.426652764991882	24
TGGCGGGTGGGG	0.426136397618062	14
TGTGGGAAAGGG	0.425438282697999	13
GGGCGGGAGGTG	0.424866065307035	18
GTTAGGGTGGGG	0.424775880582759	12
TGCTGGATGACA	0.424542839041709	9
GGCAGGAAATGC	0.4243940121119	10
TGTTGGGTGGGG	0.424345334453715	17
GGCAGGATACAC	0.42394089600365	11
GTGGGGATTGGG	0.423907891694003	14
AAACGGAAACCC	0.423700043783087	9
GTGTGGAGGGGT	0.423520362926038	12
GAGGGGAATGGG	0.423501119218915	10
AAAAGAAAAAAA	0.42329372284372	9
GCGTGGAGGTGG	0.423184758085815	9
AGCTGGCTGCCC	0.423096164633006	10
GGGCGGATATGG	0.422948310623299	9
TTGTGGAGGGGG	0.422725097156737	9
TTGGGGAGGGGG	0.422419043770583	13
GGCGGGATGGGT	0.422047881746736	10
GAGCGGGTGGGG	0.421903062234197	10
CGGTGGGTGGGG	0.421880947535742	15
TGGGGGAATGGG	0.421711121771993	15
GGGTGGATGGTG	0.421576830447464	13
GGCTGGGTGGGG	0.421338821963016	15
GTGAGGTTGGGG	0.421102289086036	9
GACAGGAAACAC	0.421096210629086	9
TGGTGGAGGGGG	0.421031687368948	12
TGTAGGTTGGGT	0.420181359889515	9
GTGTGGAAGGGG	0.420131504844475	13
GGTCGGACAGCA	0.420002362631416	10
CAGTGGGTGGGG	0.419997885968433	9
GTGTGGATGGTT	0.419690447227325	10
GTCAGGGTGGGG	0.41945597384565	9
GTGGGGAAAGTG	0.41939281377045	15
GTGGGGGTGGGG	0.419294951932895	29
GCACCGAACACA	0.418833171553095	9
GTGCGGAAGTTG	0.41873772624193	9
GGGCGGATGTGT	0.418736784770702	9
GAGGGGATGGTG	0.418413433775033	9
GGTGGGATGGTG	0.417985968643369	15
GGGCGGGAGGGG	0.417906374916212	19
CGGTGGGTGGTG	0.41769521315761	15
GGGTGGGTGGGC	0.41756705061719	28
GCGGGGAAAGGG	0.417528685529463	11
CCCCGGAACCAC	0.416925031533735	9
GGTGGGCAGGGT	0.416864543901708	19
TGAGGGGTGGGG	0.416530576072929	14
GCGTGGGTGGGG	0.416513896467082	15
GGGGGGGTAGGG	0.41648591124877	37
GTCAGGCAAGCA	0.416483504751002	9
GTGGGGATAGGG	0.416445798085128	13
AGGGGGGTGGGT	0.416204368448561	20
GGAGGGAAGGTA	0.416081431990957	11
ACCACGAACACC	0.415979717756788	9
GGAGGGATGGGT	0.415424055924386	10
TGTGTGAAGGTG	0.415306050253437	9
GGCCGGAAACCA	0.414842033983758	10
GGCGGGCAGCAT	0.414815453031486	13
TAGGGGGTGGGG	0.414809689671789	15
GGCGGGATGTGG	0.414532406486757	9
GGTGTGAAGTGG	0.414448028342024	10
GGGCGGAAGTAC	0.414094242812316	12
CCACCGAACACC	0.413819334788383	10
GGTGGGAATGGG	0.413801548473297	15
TGTAGGGTGGGG	0.412939278158416	12
AGGGGGGAGGGG	0.412032994431234	20
GAGGGGAGGGGG	0.411559918237144	10
GGTGGGATGGGT	0.41135305269501	15
GGGTGGATGTGG	0.411232557039527	12
TTTGGGAAGGGG	0.411011723973016	10
GGCCGGAAACCC	0.410540540535594	11
GGGCGGATGCGG	0.409494478104195	9
AGAGGGGTGGGT	0.409401205429824	9
GTGGGGATGGCG	0.409180849328669	13
GGGCGGGTGTGG	0.40894934876259	17
CGGTGGAAGGTG	0.408819603703497	9
GGTTGGGTGGGG	0.408064649309641	19
GGTGGGATTGGG	0.407824761227752	14
AGGTGGCAGCAT	0.407792146546848	11
GAGGGGAAGTGT	0.407764258181329	9
AAGGGGGTGGGT	0.407711176818439	11
GGGGGGCAGCAT	0.407575283971704	24
CGGAGGGTGGGT	0.407574135505708	9
GAGGGGGTGGTG	0.407242903483103	18
GGGGGGGTGAGG	0.407227052194791	35
GGCGGGAGGGTG	0.407168163994209	9
GGAGGGCAGGGG	0.407008921840436	12
GGCCGGAAACAC	0.406854866692529	10
TGGGGGATGAGG	0.406624453915186	13
GTTGGGATAGGG	0.406616429338167	10
GGGCGGATGCTG	0.406607422695909	9
GCGGGGGTGGGG	0.406544395157688	20
GGGCGGATGCTA	0.406464520820448	10
GGGCGGAAGTTA	0.406366579472973	10
TGTAGGGTGTGG	0.406189939734668	11
GGGCGGATGTAA	0.405776055470821	9
GGGAGGATGGGT	0.405607079634465	9
AGGGGGGTGTGG	0.405332797098737	18
GGGAGGAAGGGC	0.405331902116464	10
CGCGGGGTGGGG	0.405162046892867	9
TATGGGGTGGGG	0.404852039412946	11
GGGGGGATGGGA	0.404718462828502	17
TGCTGGCTAACA	0.404699699768002	9
GAGGGGAGGGCG	0.40465598688819	9
GGAGGGTAGGGG	0.404630900390658	13
GGTGTGATGGGG	0.404333611254194	10
GGAGGGATGGAG	0.404295103209685	9
GTTGGGAGGGGG	0.404071073505097	11
AGGGGGATTTGG	0.40331094775887	9
GTCAGGGAGCAT	0.403206698315495	9
TGGGGGGAGGGG	0.403067159878463	26
AGGCGGGTGGGG	0.402977935368929	9
GTGTGGGTGGGG	0.402813885968848	19
AGGGGGAAGGTG	0.402790969568477	11
TTGGGGAAGGGG	0.402672012386368	11
GGGGGGAGGGTG	0.402639313227313	18
GGGCGGATGCGC	0.402567842584001	10
GGCGGGAGGGGG	0.402537492308367	9
GCGGGGAAGGTG	0.402484857666249	11
GGAGGGAGGTCA	0.402037108590192	9
GTCAGGCAGCAC	0.401908023474343	9
GGGGGGGTGGAG	0.401797554984857	33
AGGGGGAAAGTG	0.401792376732327	10
TTGTGGAAGGGT	0.401603564914293	9
GGTGGGGAGGGG	0.401254831055563	26
GGAGGGAAAGTG	0.401113477189172	9
GTGGGGGTGGTG	0.400710360580011	26
GGTGGGATAGGG	0.400609401378155	13
GGGGGGGTGCGG	0.400560305981516	32
GTGCGGGTGGGG	0.400158355593508	14
GGGCGGAAGTAT	0.400131999993759	10
GGAGGGCTGGGG	0.400067259980819	9
GGGGGGAAGGGA	0.400017845304303	19
GGAGGGAGGGCG	0.400007362126419	9
GGGGGGTTGGGG	0.399993933293439	24
GGGGGGAGAGGG	0.399694616796942	16
TGTGGGATGGTT	0.399689021412278	10
TCGGGGCAGCAT	0.399554185773069	10
GGCGGGAAGGGG	0.399550314304848	10
GGGTGGATGTGT	0.399278392795726	11
GAAGGGGTGGGG	0.399034596300628	9
GTTGGGATGGGG	0.398955995073672	10
AGGGGGAGAGGG	0.398843225973647	9
GAGGGGTAGGGG	0.398500631983359	12
ATTTGGGTGGGG	0.398410162200813	9
GGGCGGATGCAG	0.398312760952057	9
GCGGGGGAGGGG	0.398257397401772	19
GTAGGGGTGAGG	0.398064399855228	13
TGCTGGATAACC	0.397980627770773	9
GTAGGGGTGGTG	0.397618953974291	13
GGGGGGGTGGCG	0.397518559437699	32
GAGGGGATCGCG	0.397371370887572	9
GTGGGGATGGGT	0.396921863239524	12
TGGTGGTTGGGG	0.396829301649754	14
GTCGGGGTGGGT	0.396174924919889	10
GGGGGGCTAGGG	0.396092856236784	17
GGGAGGAAAGGG	0.39607977225911	9
TGGGGGGTGGGT	0.396018069660612	24
GGCAGGAAACGC	0.395779299323021	9
TGGGGGAGGTGG	0.395686376184566	13
GGTTGGGTGGGT	0.395564556196346	17
GCGGGGAGGGGG	0.395279712131838	10
TGAGGGGTGTAG	0.39493313859765	11
GGTTGGAGGTGG	0.394848756371787	9
GGGCGGCAGCAT	0.394547841762444	10
GCGTGGTAGGTG	0.394289635000551	10
TAGGGGGTGGAG	0.394185958453314	13
GTGGGGCTGGGG	0.394033917653356	12
TAGGGGGAGGGG	0.393566348606305	13
GGAGGGGTGGGT	0.393349729957199	16
GAGGGGAAGGGT	0.393278224212796	9
GGTGGGATGGGC	0.393263155416235	14
GGTGGGAGGGCG	0.393156267576228	13
TGAGGGCAGCAT	0.393000253605648	9
GGCGGGGTGTGG	0.391926049109008	15
AGGGGGAGAGGT	0.39175549513485	9
GCTGGGGTGGGT	0.391544563484706	12
GGTCGGGTGGGT	0.391202071991754	10
CGGGGGGTGGGG	0.391121145439034	16
GGGGGGATGGGC	0.390420508335667	16
AGGGGGAAGGGC	0.39025814110485	10
TGGTGGAGGTGG	0.390037083047468	9
GGAGGGATGGGC	0.389895282024573	9
GGGTGGAAGGAG	0.389790437560221	13
GGGTGGGTGTGG	0.389658545971469	21
GCTGGGGTGGGG	0.389414190491394	12
GGTCGGGTGGGG	0.389351078492676	10
GGGAGGGTGTGG	0.389341466461679	15
TTGGGGATGGGG	0.389032249182032	9
GGGGGGATTTGG	0.388857561651988	14
GTGGGGAAAGAG	0.38883203684827	12
GTGTGGAGGGTG	0.388773119841194	9
TGCTGGTTGACC	0.388772688475818	9
GGTTGGATGGGG	0.388527722163583	9
GGGGGGATGTGG	0.388396485200367	14
GCGTGGTTGGGG	0.388343469625884	9
GGGCGGATGCTC	0.388130113153661	9
AGGGGGGTGGTG	0.388116172776642	17
GCGGGGAAAGAG	0.387786315256384	9
GGGCGGGTAGGG	0.387411613208503	15
TGGGGGAAGTGG	0.387346486064436	11
GGAGGGGTGGTG	0.387241116037179	16
GGGCGGAAGCGT	0.386733453012354	9
GGGCGGAAGTAA	0.386336433263666	9
GGGGGGATGGAG	0.386189270855154	14
GGGCGGATGCAT	0.38591693730466	9
GAGGGGGAGGGG	0.385379876682382	15
TTGGGGAAGTGT	0.385316715244768	9
TAGGGGGAGGTG	0.385055895693714	11
GGGAGGAAAGGC	0.384800088773711	9
GCGGGGAAGGGG	0.384656429840993	9
GTGTGGAGGGGC	0.384609537845342	9
TGTTGGGTGGTG	0.384312323217623	13
GGGGGGAGGGGC	0.38396370788725	16
GCAGGGGTGGGG	0.383710709950082	10
GGGGGGAGGGGT	0.383028186596674	16
GTGGGGGTGTGG	0.382696382525341	21
GGGGGGGAGGGC	0.382665198362161	28
GTGTGGGTGGGT	0.382555429902464	16
GAGTGGGTGGTG	0.382161818880702	10
TGTGGGAGGTCA	0.382038259418935	9
GGTGGGCAGCAT	0.38188237893643	15
GGGAGGGTGGGA	0.381815158153571	15
GGTAGGGTGGGG	0.381774507123037	12
GGGGGGAGGTGG	0.38166064439008	15
TCGGGGGTGGGG	0.381497109187625	11
GGGAGGTAGGGG	0.381460732758544	10
GGGAGGAAATAG	0.381402354902965	9
GGGCGGAAGGGC	0.381181510385727	9
GGGGGGATGTTG	0.381117381827813	14
GGGCGGAAGGTG	0.381094910071009	9
GGTGGGAGGTGG	0.38098916907264	12
GCGGGGAAAAGG	0.380951898625097	9
GGGAGGAAATGT	0.380904013880861	9
GTCGGGGTGGGG	0.380602915762845	9
GGCGGGTAGGGG	0.380580285762511	10
TTGGGGAATGTG	0.380470443504348	9
GGGGGGTAGGGG	0.380375164426232	21
GGTGGGCTGGGG	0.380192109146457	12
GTAGGGGTGGGG	0.379922155404227	11
GTTGGGAAAGTG	0.379911967993043	9
GGGTGGAGTGGG	0.379810152430025	10
AAGGGGGTGGGG	0.379461412905852	9
CGGGGGGTGTGG	0.379417051185266	14
TGTGGGATGGGG	0.379047587764487	9
GGTGGGTTGGGG	0.379025338604085	16
GGGTGGAGGGGT	0.378935932917884	11
GTAGGGGAGGGG	0.378390836975619	11
GGTGGGAAAGAG	0.378382097738008	12
GTGTGTATTTAA	0.378286920567905	9
TGCTGGGTGGGG	0.378275109180518	9
GGTGGGATTTGG	0.377922369819486	11
GAGGGGCAGACA	0.377520149374799	11
GGGGGGCTGTGG	0.377365772951535	14
AGGGGGAGGGCA	0.377196023028245	9
TGTTGGTAGTGT	0.376979030549642	9
GGGCGGATGCAC	0.37695043094632	9
GCGTGGTAGGCG	0.376943602466659	9
TTTGGGGTGGGG	0.376881332684103	13
GCGGGGAAAGCA	0.375836819804897	9
AGGTGGTTGGGG	0.375091336900612	9
TGGTGGGTGGGC	0.375058911158925	16
GCGGGGGTGTGG	0.375042002454799	15
GAGTGGGTGGGT	0.375032284749492	9
GGAGGGTAGGGT	0.374777759458559	11
TGGGGGAAAGAG	0.374738163666032	11
GGTGGGATTGGT	0.374521388573667	11
GGGTGGGTGGTG	0.373838783467721	20
TGGGGGGTGAGG	0.373581593402647	21
GGGGGGATAGGT	0.373520336025616	13
AGGTGGGTGGGC	0.373284231419318	12
GAGTGGGTAGGG	0.371760393412873	9
GGTGGGCAGGGG	0.371480089725945	14
GGTGGGATTGTA	0.371401851531603	11
GTGCGGGTGGGT	0.371283134038706	11
GTTGGGAAGGGT	0.371210086027963	9
AGTGGGGTGTGT	0.371190136363555	10
GGCAGGAAACAC	0.371141103954122	9
GGTGGGAGGCGG	0.371103137947137	11
TGGGGGATGGGT	0.370798233354451	10
GAGTGGGTGGGA	0.370585436562411	9
TGGGGGAAGAGT	0.370513145953236	11
TGGGGGAAAATG	0.370325284807708	12
GTTTGGGTGGGG	0.370214375560412	12
GTAGGGGTGGGT	0.370090460281799	10
GTGGGGAATGGT	0.369931567393919	10
GGGGGGCAGGCA	0.36986011249065	18
GTGGGGAAAGAT	0.369676976102505	10
GTGGGGGAGGGG	0.369530120144738	20
CTGGGGGTGGGG	0.369481843848707	10
TTGGGGAAGGGC	0.369401797352197	9
GCGTGGGTGTGG	0.369091776303509	10
GGGGGGAAAGAT	0.368471089548569	13
GGGGGGATGTGA	0.368118856105323	12
GGTGGGAAGGGT	0.367620704273841	12
GGGGGGAAGAGG	0.367436140886298	13
GTGGGGATGTGT	0.367022706327739	9
GTTTGGGTGGTG	0.366688012157502	12
TAGGGGGAGGGT	0.36655571063412	10
GTGGGGAAGGGT	0.366412732303902	11
GCAGGGGTGGTG	0.366353810282131	9
TGGGGGGTGGGC	0.366351872134548	20
GTTGGGGTGGGG	0.366089906457514	14
ATGGGGGTGGGG	0.365887264960046	11
AGGGGGTTGGTG	0.365451145620088	10
TGTGGGAAGGGT	0.365300713019518	9
GGGGGGTTTGGG	0.365186674497129	18
GTGGGGAAGGTG	0.365114433993925	11
TGGGGGAAAGGT	0.365057864405693	10
GAGGGGGTGTGT	0.36500908175671	12
TGGTGGGTGGGT	0.364978021830663	14
GTAGGGGTGGTT	0.364680966755808	10
GGGGGGATGAGG	0.364348076059246	12
GGTAGGGTGTGG	0.36432649121293	10
GGTGGGGTGTGG	0.363746122652412	18
GGTTGGACAGCA	0.363568570677893	9
TGGGGGGTGGAG	0.363562348503317	19
TGGGGGAAAGTG	0.36352208908072	10
GTAGGGGTAGTG	0.363474139417116	9
AGGGGGCAGGTG	0.363268420681573	9
GGGGGGAAGGAG	0.362629507104174	13
CTGGGGGTGTGT	0.362157363173405	9
GGGTGGAATGTG	0.361853240544883	10
GTGGGGATTGTT	0.361726311082374	9
GGGTGGGAGGGG	0.361725499539163	19
TTTTGGGTGGGG	0.361477668667211	9
GGGAGGGTGGGC	0.361318686167019	13
TGCGGGGTGGGG	0.361293943318784	11
GGGCGGGAGGGC	0.361191201614057	12
GCGGGGCAGCAT	0.361170443715524	10
GGTGGGGTGGTG	0.361124485024031	19
AGTGGGGTGTGA	0.361017053826423	9
TGGGGGCAGGGG	0.360859228612076	13
GGCGGGGTGGGT	0.360496659576967	12
GGGGGGCAGGGT	0.36048428091246	16
GCGTGGGAGGGT	0.360296317500578	10
GGGTGGAAGGGC	0.359964412000984	11
GGGGGGCTGGTG	0.359860919606199	13
GAGGGGGTGTAG	0.359489716853246	11
TGGGGGATAGGT	0.359111128892951	9
GGTGGGAAGAGG	0.359066492111379	10
GGGGGGGTGTTG	0.35880261566221	21
TAGGGGGTGGTG	0.358638252171249	10
GTGGGGAGGGGT	0.358607333126087	10
GGTGGGATAAGG	0.35856488863257	9
TGTGGGGTGTGG	0.358541523742676	13
AGGTGGGAGGTG	0.3585245347108	10
GGGTGGAAGTGG	0.358279146841767	9
GGGTGGAGTGTT	0.358033726030768	9
GGTGGGAAAGGG	0.357974645617266	10
TGGGGGATGGGG	0.357862010045941	9
GGGGGGATGGTG	0.357819569891443	11
GGTGGGAGTGGG	0.357754813363403	9
GGGCGGGTCGGG	0.357721380285001	11
AGGTGGGTGGGT	0.357675204734802	10
AGGTGGGAGGGG	0.357658883059657	11
AGGTGGGTTGGG	0.357560172467585	10
GGGGGGGTGTAG	0.357525866047945	21
GGGGGGATCGGG	0.357524648858067	11
CGGGGGGTGGGT	0.357329736107468	12
TGGGGGATGCGG	0.356976084700105	9
GTAGGGGTGCGG	0.356534114442495	9
TGGGGGGTGTGG	0.356457899202951	17
CGGGGGTTGGGG	0.355992092064939	9
GTGGGGAAGAGG	0.355932590621329	9
GGTGGGAGGGTG	0.355924439801532	10
GGGTGGAGGGAG	0.355917256078394	9
TGGAGGGTGGTG	0.35575931031972	9
GGGCGGGTGAGG	0.355695142016515	12
GGGGGGATTGGT	0.355538758854107	11
GGGTGGGTGTTG	0.3555267638688	15
GGTGGGAAGTGG	0.355513178370841	9
GGTGGGGTGAGG	0.355244066523267	18
GGGGGGAAAGAG	0.355101534668868	12
GGCGGGGTGGTG	0.354962846371132	12
GGTGGGAGCGGT	0.354842625757472	10
TAGGGGGTGTGG	0.354743933175124	9
CTGGGGGTGGGA	0.354732194560363	9
GGGAGGGAGGGC	0.354724555344389	12
GTGGGGAGGGCG	0.354192733729545	9
GAGGGGGTCGGG	0.353772324547667	11
GGCGGGGAGGGG	0.353539837569676	12
GGTGGGGTGCGG	0.353335073625727	17
TGTGGGGTGGGG	0.353156533886747	13
GTGGGGATGGGC	0.352898380402396	9
GGGAGGGAGGGG	0.352853991270605	12
AGGGGGGTCAGC	0.352772285520323	13
AGGGGGCAGACA	0.352761113666805	10
TGGTGGGTGGGA	0.352471886151184	13
TGGGGGAAGGGT	0.352440774515276	10
GGGTGGGTGCGG	0.352331584168951	16
GTGGGGAATAGG	0.351932051231449	9
GGTGGGATGGAG	0.351057863339984	9
TTGTGGGAGTGT	0.350914598897645	9
GTGTGGTTGTGG	0.350858136569109	9
GGTGGGATGCAG	0.350792747685363	10
TGGGGGGTTGGG	0.350772396334243	16
GTGGGGGTGGAG	0.350516826288466	17
GGGGGGAAAATG	0.350311878059471	13
GTGGGGCAGGGG	0.350292456998781	11
GCTGGGGTGGTG	0.350165500126104	9
GTGGGGGTGTGT	0.350158778015144	16
GTGGGGAGGGTG	0.34994508513233	9
GGTGGGAAAAGG	0.349826736502474	10
GGGGGGCAGGTG	0.349440215362446	14
GCGGGGGTGGTG	0.348822832330946	13
GGTAGGGTGGGT	0.348776463650139	9
AGGTGGGTGTGG	0.348419456172285	9
GGGGGGTTGTGG	0.348390731272748	15
TGGGGGAAGAGC	0.348334399819196	10
GGGTGGTTGGGG	0.348315153685502	12
GGGGGGGAGGGA	0.348312609278333	21
GTTGGGTAGGGG	0.348124307245789	9
TTGTGGGTGGGT	0.347748071982177	9
GGGGGGATGTGT	0.347157551570031	10
GGGCGGGTGGGA	0.346823436156784	11
GGGGGGAAAGGT	0.34677362229865	11
TAGGGGGTGAGG	0.346624522083129	9
TGGGGGAAGATG	0.346339218844105	10
TTGTGGGTGGGG	0.345839144669286	9
GGTGGGAAAGGT	0.345808865422534	9
GGGGGGGTGGTA	0.345562113587978	21
AGGGGGGTTGGG	0.345338288395942	11
TGGGGGTTGGGG	0.345273255714398	12
AGGGGGGACGGG	0.34522944640865	10
GGGTGGGTCGGG	0.345194983720984	14
TGGTGGGAGGGG	0.345089417590378	13
GGGTGGGTTGGG	0.345029101241488	15
GGGGGGCTTGGG	0.344687319660932	11
GGTGGGAAGGTG	0.344641717631855	10
GTGTGGTTGGTT	0.344555092380756	9
GTTGGGGTGGTG	0.344380972204596	12
GGGGGGAGGGCC	0.344314660356782	12
GTTGGGTTGGGG	0.3442361356411	9
GGCGGGGTGGGC	0.344051343752125	11
GGGGGGAAGTGC	0.343963652285396	11
GTGTGGTTGTTG	0.343683331569279	9
GGGGGGAACGGG	0.343148676872795	11
TGGGGGAAAAGT	0.342985201150791	9
GGGTGGGTAGGG	0.342816671568688	15
GGGTGGGTGGCG	0.342268111259916	15
GTGTGGGTGGTG	0.342200639790233	12
GCGTGGGAGGGG	0.342153965847914	9
GGGGGGGAGTGG	0.34211682989363	18
GGTGGGCTGGGT	0.342113166978141	9
GTGCGGGTGGTG	0.341828755619478	9
AGGGGGGTCAGG	0.34170354564962	11
CGGGGGGTGGTG	0.341699701364954	11
GGGGGGATGTTA	0.34136190496446	10
AGGGGGTAGGGT	0.341011124904523	9
TGGGGGAAGGGC	0.340964865800042	9
GTGTGGGTGTGG	0.340668855094315	11
TTGGGGGTGGGT	0.34063654733405	12
TGTGGGGTGGTG	0.340574406408776	12
GGGGGGAAGTAG	0.340435373603883	10
GGTGGGAGGGGT	0.339996905155477	9
GGGCGGGAGTGG	0.339952021106365	9
GGGGGGAAATGG	0.3395667496215	11
GGGGGGGAGGTG	0.339361404402081	18
GGGGGGATAGAG	0.339115647771618	10
GGGCGGGTGCGG	0.339091640741407	10
GGGGGGAACGGT	0.339043326475314	11
GGGGGGAGCGGG	0.338760849069677	11
CGGGGGGAGGGT	0.338383410095402	10
GTTTGGGTGGGT	0.338335669683154	9
GGGGGGAGGGGA	0.33817344946068	11
GGGGGGAAATGT	0.338036000374943	11
GGTGGGTTGGTG	0.337956869929169	11
GGGGGGACGGGG	0.33761032300622	9
GAGGGGGTGGAG	0.337181560170246	10
GGGGGGAAGTTG	0.337165410723709	10
GGGTGGAAGGGT	0.336870863021609	9
GGGCGGGTGGTA	0.336651166426643	10
GGGGGGCAGCGG	0.336012906924018	13
TGTGGGGTGGGT	0.335984062378673	11
GGTGGGAATGAT	0.335889333813857	9
GGGGGTAAGGGG	0.335860303543477	9
GGGAGGGTCGGG	0.335413457539354	9
TGGGGGGTGGGA	0.335202965241841	15
GGGGGGAAGTTA	0.335172716243987	10
GAGGGGGTTGGT	0.335071777646912	9
GGGGGGAGGGCG	0.33502060015049	10
GGTGGGAAAGAA	0.334741497025768	9
TGGGGGGTGTGT	0.334679676541798	14
GGGGGGAATGTG	0.334644579329134	10
GGGCGGGTGGTT	0.334622089639243	10
TTGGGGGTGTGT	0.334567522926924	11
GGGTGGGTGGAG	0.334528423628941	14
GTGGGGCAGTGG	0.334106453311346	9
CGGGGGGTGAGT	0.334106340397981	10
TGCTGGCACCAC	0.333995243833593	9
GGGGGGGACGGG	0.333576453867492	16
TGGGGGTAGGGG	0.333496043096696	11
GTGTGGTAGGGT	0.333413731262329	9
GGGGGGAAAGAC	0.333334982705653	11
GGGGGGGTGGCT	0.333190506738629	18
GTGGGGGTGTTG	0.332919449401223	13
GGGGGGAGTGGG	0.332706151238929	9
GGGGGGAGTGGT	0.332662636752308	9
GGGGGGGTGGTT	0.332063441697626	19
GGGGGGATGAGA	0.331566402573207	9
GGAGGGGTGAGG	0.331471562372368	10
GTGTGGGTGTGT	0.330494602009687	10
GGGGGGATAGGC	0.33022629678547	9
GGGGGGCAGGGC	0.32921217859858	13
GTGGGGTTGGGG	0.328906841640502	10
GGGGGGATGCGG	0.328523794281808	9
GTGGGGGTGGCG	0.328517895087271	14
GGTGGGAAGGCG	0.328168521894008	9
GGTGGGTAGGGG	0.327743223571734	10
GAGGGGGTGCGT	0.327698705453136	9
GGTGGGCAGTGG	0.327604167527173	9
GGAGGGGTGTGG	0.327562163757215	9
GTGTGGGAGGGG	0.327073374148954	11
GGTGGGGTGTGT	0.326948359524563	13
GGGGGGCTTATG	0.326670822994071	9
GGCGGGGAGGGT	0.326634358748684	9
GTGTGGGTGCGG	0.326515775868856	10
GTGGGGGTGAGG	0.326511377157506	14
GTGGGGGTGGTT	0.326358421910901	14
TTGGGGGTGGTT	0.326191107311049	11
CGGGGGGTTGTC	0.325960196518095	9
GGTGGGGTGGGC	0.325704563119887	14
GGGTGGGTGGGA	0.325566015152763	13
GGAGGGGTCAGG	0.32548177146845	9
GGGCGGGTGGAG	0.325157000609073	9
AGGGGGGTAGTG	0.324451373944164	9
GGGTGGGTGAGG	0.324341353138506	13
GGGGGGAAGTGA	0.324280606477289	9
GTTGGGGAGGGG	0.324258013259435	10
GGCGGGGTAGGG	0.324211996095064	9
GGGGGGAAGGTA	0.32374648789861	10
GAGGGGGTGAGG	0.323587656689128	9
GTGGGGGTGCGT	0.323583376083688	13
GCGGGGGAGGGC	0.323581524847674	10
GGGTGGTAGGGG	0.323551906277476	10
GAGGGGGTGGTT	0.323546072178442	9
TGGGGGCAGGGT	0.323427669807132	9
GTGGGGTTAGGG	0.322780567363896	9
GTGTGGGTGAGG	0.322414542698314	10
TGGTGGGTGGTT	0.321634163590979	10
CGGGGGGAGGGG	0.321383169540303	9
TGGTGGGTGGTG	0.321293273346992	10
GGGGGGAAGCGC	0.321283375637543	10
GTGTGGGTGGGC	0.321239438312194	10
GGTGGGGAGGTG	0.321077410812905	12
GGGAGGGTAGGG	0.320799261785109	9
GGGGGGTTGGTG	0.320715072327045	12
GGGGGGCTGGTT	0.320540255834472	9
GGGGGGAAAGGC	0.320042420004732	9
GCGGGGGTGGTT	0.31994660826681	10
GGTTGGGTGCGG	0.319769569931177	9
GGGGGGAGGGTT	0.319476369329379	9
GTGGGGTTTGGG	0.319084914796348	9
GGTGGGTTGTGG	0.318739461830688	9
GGGGGGAAGATG	0.318684700575387	10
GGGGGGCAGTCA	0.318647939922424	11
TGGGGGGTGGTT	0.318269123149155	13
GGGGGGAAGTAT	0.318032073822746	9
GTTGGGGTGGGT	0.317780803151466	9
GGGGGGAGGGAG	0.317582208187736	9
TTGGGGGAGGGG	0.317582044025209	10
GGGGGGAAAAGG	0.316986061815243	9
GCGGGGGTGTGT	0.316822208420948	9
GGGGGGTTGGTC	0.316517318354722	11
GGGGGGTAGGGC	0.31635438735341	13
GGGTGGGAGGGT	0.315673965322359	12
GTGTGGGTGCGT	0.315462204153418	9
GGGGGGAGGGCA	0.314480636099568	9
AGGGGGGTGAGG	0.314327418109928	9
GGGGGGAAGAAG	0.313530569980146	9
GTTGGGGTGGTT	0.313211394879643	9
TGGGGGGAGGTG	0.313204371081068	11
GGGGGGAATATT	0.312967794806028	9
GGGGGGAAAAGA	0.312593215120696	9
TGGTGGGTGGCG	0.312311806851708	9
GTTGGGGTGGGC	0.312174683783778	9
GGGTGGGAGGTG	0.31213646739624	11
GGTGGGGTGGGA	0.31150728276038	12
GGGGGGAAGATA	0.311197846639814	9
GGGGGGGTTGGT	0.310989005318608	14
GCGGGGGTGGAG	0.310900029973937	9
GGTGGGTAGGGT	0.310211853249175	9
TGTGGGGTGTCA	0.310073600027621	9
GGGGGGCATGGG	0.308523505967753	10
TGGGGGGTCAGT	0.308240670302321	11
GGGGGGGTGTGT	0.307723346056577	14
GGGGGGCAGGCG	0.306682669181488	10
GGTGGGGAGGGT	0.306409025470462	11
GTGGGGGAGTGG	0.30614857351994	10
GGGGGGGTGTTT	0.305547011351409	13
TGGGGGGTGCGG	0.30516764939347	11
TTGGGGGTCAGC	0.304460440822351	9
GGGGGGGTGTGA	0.302982665341269	13
GTGGGGGTAGGG	0.302483669739324	11
GTGGGGGTGGGA	0.302429080160563	11
GGGGGGCAGCAA	0.301851689995322	10
GGGGGGTAGGGT	0.300671766440555	11
GGGGGGGAGGAG	0.300069577366841	13
GTGGGGGTTCGG	0.299943320966445	10
GGGGGGCAGGAG	0.299925684926138	10
GGGGGGGTCAGT	0.299744166203234	13
GGGGGGGAGTGT	0.298847926816305	12
GTGGGGGTCGGG	0.298671838371518	10
TGGGGGGTCGGG	0.298470455563451	10
GGGGGGGTGTCG	0.298041195886589	13
TGGGGGGTCAGG	0.297345865726239	10
GTGGGGGTCGAG	0.297336416819141	10
GGGGGGCAGGTA	0.297291868927413	9
GGGGGGGTGGTC	0.295473498322777	14
GGTGGGGTGAGT	0.294985860754054	10
TGGGGGGTAGCG	0.294939576788972	10
GGTGGGGTGTTG	0.294735295254299	9
GGGGGGGAGAGG	0.294450303819522	12
GGTGGGGAGGGC	0.294328952179401	10
GGGTGGGTGTGT	0.29430648742601	9
GGGGGGTTGGAG	0.294246492328525	10
GGGGGGTAGGGA	0.294239673668446	10
TGGGGGGTGTTT	0.293916763848445	9
GGGGGGGTATGG	0.293620617332235	13
TGGGGGGTGGTA	0.293482973867952	10
GGGGGGGAGGTT	0.293362108737322	11
GGTGGGGTAGGG	0.293190513886986	10
GGTGGGGTGTGA	0.292020342678602	9
TGGGGGGTTGGT	0.291905304716997	9
GTGGGGGTGTAC	0.291118855038092	9
GGGGGGTTGGGC	0.290789408367099	9
GTGGGGGAGGAG	0.288978049722689	9
GGGGGGGAGGCT	0.287206387580079	11
GGGGGGGTGCGC	0.286806665034296	12
GTGGGGGTGCGG	0.28564976469645	9
GGGGGGGAGGCG	0.285460451203565	11
GTGGGGGTGGCA	0.285153272280782	9
TGGGGGGAGGGC	0.285021506008797	9
TGGGGGGTGCTG	0.284852592432447	9
GGGGGGGAGTTT	0.284235445808555	10
GGTGGGGTGGTA	0.283747295361724	9
GGGGGGGTGATG	0.282971011886443	11
GGGGGGGTGTAT	0.28262452282563	10
GGGGGGGTCTGG	0.282303135236088	11
TGGGGGGTGGTG	0.28125174055067	9
GGGGGGGTTAGG	0.280826317163181	10
GGGGGGGTGCTG	0.280111664474279	11
GGGGGGGTCTTG	0.278698189447491	10
GGGGGGGTGGAC	0.278692683951743	11
GGGGGGGAGGTA	0.277142529657776	10
GGGGGGGAGGAC	0.27401849092843	10
GGGGGGGTGCGT	0.272307874524907	10
GGGGGGGTGAGT	0.27080655392308	10
GGGGGGGTGCAG	0.27011463064001	10
GGGGGGGTATGT	0.269978122621653	10
GGGGGGGAGAAG	0.268215002722742	9
GGGGGGGTTAAG	0.268142655745912	9
GGGGGGGTGAGA	0.266833490619307	10
GGGGGGGTGTTA	0.26663658116542	9
GGGGGGGTGGCA	0.261744999690846	9
